{
  "training_config": {
    "model_name": "gpt2",
    "learning_rate": 5e-05,
    "batch_size": 2,
    "gradient_accumulation_steps": 2,
    "max_steps": 20,
    "warmup_steps": 100,
    "enable_gradient_checkpointing": true,
    "target_memory_gb": 6.0,
    "device": "cpu"
  },
  "training_results": {
    "total_steps": 20,
    "total_epochs": 3,
    "total_time_seconds": 114.76542711257935,
    "final_loss": 1.0636144876480103,
    "best_loss": 1.0636144876480103,
    "avg_step_time": 2.9603835463523867
  },
  "performance_stats": {
    "losses": [
      6.383383274078369,
      6.295287370681763,
      6.259046792984009,
      6.145562410354614,
      6.034698486328125,
      5.831368684768677,
      5.7624852657318115,
      8.238770961761475,
      5.247899055480957,
      4.6621832847595215,
      4.367488861083984,
      3.8727129697799683,
      3.376824140548706,
      2.9397647380828857,
      3.971190094947815,
      2.2526140213012695,
      1.9267870783805847,
      1.6522520184516907,
      1.4560028910636902,
      1.0636144876480103
    ],
    "learning_rates": [
      5.000000000000001e-07,
      1.0000000000000002e-06,
      1.5e-06,
      2.0000000000000003e-06,
      2.5e-06,
      3e-06,
      3.5000000000000004e-06,
      4.000000000000001e-06,
      4.5e-06,
      5e-06,
      5.500000000000001e-06,
      6e-06,
      6.5000000000000004e-06,
      7.000000000000001e-06,
      7.5e-06,
      8.000000000000001e-06,
      8.500000000000002e-06,
      9e-06,
      9.5e-06,
      1e-05
    ],
    "step_times": [
      2.991142749786377,
      3.1003777980804443,
      3.24950909614563,
      3.0341196060180664,
      3.0652060508728027,
      3.0003554821014404,
      2.900015115737915,
      2.966667890548706,
      2.934238910675049,
      2.9504523277282715,
      3.0337917804718018,
      2.851018190383911,
      2.8669443130493164,
      2.850543260574341,
      2.8330838680267334,
      3.100452184677124,
      2.905059576034546,
      2.940272092819214,
      2.817427635192871,
      2.816992998123169
    ],
    "gradient_norms": [
      177.04139709472656,
      183.42018127441406,
      180.59475708007812,
      176.9739227294922,
      178.8255157470703,
      176.5874481201172,
      175.9452362060547,
      272.7705993652344,
      174.63653564453125,
      184.32034301757812,
      172.4939727783203,
      169.13336181640625,
      147.29458618164062,
      128.6799774169922,
      189.92527770996094,
      120.95667266845703,
      120.14091491699219,
      101.32070922851562,
      75.54505157470703,
      52.2486457824707
    ],
    "final_memory_usage": {
      "system_total_gb": 15.74881362915039,
      "system_used_gb": 10.828330993652344,
      "system_available_gb": 4.920482635498047
    }
  },
  "intel_optimizations": {
    "mkl_available": true,
    "ipex_available": false,
    "num_threads": 4,
    "gradient_checkpointing": true
  }
}